Length of Face,Temple to Temple,Cheekbone to Cheekbone,Jawline,Time
13.11766275692716,9.737329006987416,7.990457284869653,19.93459517834325,0.4151449203491211
13.700000000000001,9.69333753882355,8.006237643636808,20.502664230146138,0.44354915618896484
13.941871350415285,9.877096480283154,8.023470607458254,20.893943334818744,0.46655988693237305
14.102629759044042,9.67749401528052,8.021394355208454,20.706236295464112,0.4800992012023926
14.008276253029823,9.655059457848576,7.9053249559384735,20.896117569926673,0.5076501369476318
14.219507171995906,9.598457571054238,7.906237643636809,20.933335843580352,0.5367298126220703
14.1,9.655059457848576,7.906703768289478,20.87677603797864,0.5707802772521973
14.100000000000001,9.676503125324947,7.907642735620417,20.913540066932658,0.6021740436553955
14.209901951359278,9.618643376267555,7.906237643636809,20.9828994145266,0.631436824798584
14.200000000000001,9.69873352417186,8.022196059994219,20.887674430585953,0.6669628620147705
14.119457364026424,9.59333753882355,7.8896954016885585,20.977267667842554,0.7131104469299316
14.00332963783729,9.541761902846513,7.889470804468034,20.974413800113393,0.7265830039978027
14.10192236625154,9.700126044364442,8.023470607458254,21.06169004654601,0.7455751895904541
14.0,9.6779846080152,7.989470804468033,20.841286550740346,0.8071856498718262
14.10990195135928,9.696882306950602,7.907805779416186,20.907397366669112,0.8412685394287109
14.112310562561765,9.621823604782145,8.021394355208454,21.00919127010662,0.8721611499786377
14.1,9.6779846080152,8.023135027325157,20.860846677568784,0.905836820602417
14.10384048104053,9.696882306950602,7.906237643636809,20.852324733724767,0.9359889030456543
14.1,9.776503125324949,8.023470607458254,21.031578555561502,0.9834597110748291
14.2,9.598363789640853,8.023135027325157,20.991982344067935,1.0166356563568115
14.1,9.600379937305775,8.023470607458254,20.9382979514647,1.0306134223937988
14.108276253029821,9.73899662157385,8.006119247493494,20.968698999839148,1.0496397018432617
14.1,9.718836752679891,8.023470607458254,20.90311396207692,1.082193374633789
14.1,9.740280420156262,8.021311232857293,21.121154222723163,1.1122055053710938
14.10192236625154,9.716071471407227,8.006346710132249,20.976125296708158,1.146209955215454
14.1,9.71095143917654,8.163091470014248,20.8210349209862,1.20668625831604
14.109999878739204,9.853801595585523,8.006237643636808,21.009975700518208,1.2426857948303223
13.911687096583659,9.758899978879244,8.104078269035847,20.811137268998575,1.289504051208496
14.009901951359279,9.894117025677938,8.104413849168942,20.803659404461268,1.301461935043335
14.00562562626491,9.758899978879244,8.122416109402227,20.822226240266517,1.32224702835083
13.90384048104053,9.819901238530608,8.071298873315648,20.664679172514745,1.3524775505065918
13.9100613982542,9.933105012119288,8.0407035712797,20.778164340995062,1.3854022026062012
13.910061398254204,9.73673565202921,8.006237643636808,20.67497227060303,1.416412115097046
13.809901951359281,9.795188756044809,8.007039348422573,20.63423531690711,1.4487249851226807
13.709901951359278,9.636735652029211,8.005902063503713,20.470676152467203,1.4784250259399414
13.60384048104053,9.641761902846515,7.907784849712972,20.372195022135028,1.5121736526489258
13.504414904268426,9.49674138776534,7.808146709478675,20.249598113810155,1.5611886978149414
13.402775637731995,9.461556198973053,7.717615753628772,20.20701227307883,1.5922505855560303
13.500000000000002,9.452312203264759,7.790634369019499,20.079017531313713,1.6243557929992676
13.412677589091276,9.338658018280748,7.72592452493205,19.99456838634654,1.656865119934082
13.404626854953253,9.341549834630971,7.789832664233733,19.97357451283097,1.6910881996154785
13.4,9.340139500970999,7.710019294211159,19.938156673047988,1.7191009521484375
13.412677589091274,9.33821713471946,7.708691561110605,20.127204620865882,1.7523505687713623
13.319784370277823,9.33821713471946,7.7097855082732725,20.00930618488131,1.7835910320281982
13.473343312876072,9.340139500970999,7.693354249237592,19.839211620383516,1.8175897598266602
13.40769089890115,9.399939053744488,7.713902407282197,19.945591775644772,1.865577220916748
13.428659436592458,9.260358571068704,7.714562637198597,20.035366934792616,1.896836519241333
13.610275453669184,9.401861419996026,7.59375642890064,20.130646813042755,1.9299695491790771
13.637359166969878,9.340216335358821,7.730134652968035,20.262814147177362,1.9601340293884277
13.621803103357918,9.340139500970999,7.694852971912992,20.26864424892869,1.9948883056640625
13.61900793318519,9.340139500970999,7.792592864349174,20.3010972036652,2.0252370834350586
13.61596715193097,9.458966050876123,7.692592864349175,20.33337826976777,2.056546211242676
13.71759285026043,9.487986889125361,7.7643298457675325,20.55286086570519,2.0880606174468994
13.739076180242554,9.483478385166208,7.783698085758212,20.66052276754373,2.1350724697113037
13.748032832918247,9.45036820446482,7.813406862855436,20.417385516482444,2.169353723526001
13.86045417218746,9.43798084164195,7.687168722952798,20.70846807266629,2.200455904006958
13.947061655442855,9.462945441308726,7.703572093675019,20.656368744079206,2.233349323272705
13.955351245203548,9.55392074609792,7.799220852849663,20.703198627029384,2.2627017498016357
13.944953628856165,9.534574523563718,7.79069956303225,20.92961151198533,2.2976133823394775
14.047645201361323,9.624596211303475,7.902334278023495,20.83550426655909,2.3272409439086914
14.064983004510726,9.620515804029559,7.9030227693278405,20.925675752233648,2.3590664863586426
14.052647007774736,9.612018974459568,7.873094359013471,20.81933472188129,2.391961097717285
13.958085093338124,9.489212790079769,7.787402820262919,20.792306122880433,2.437748432159424
14.045597682072028,9.55837747130183,7.77308566267926,20.891495702343914,2.4718315601348877
13.945660795158236,9.695352445994963,7.888728951124213,20.825176104026678,2.5048725605010986
13.962975746081483,9.55545271072669,7.772117296071986,20.86129939327764,2.5367465019226074
13.941032867561226,9.550297055434541,7.883514768162712,20.94333041645976,2.568854331970215
13.927139781865757,9.529278693173143,7.868470593472748,21.028883094525625,2.6019256114959717
13.94451488900496,9.627546983958549,7.867032334971476,20.846841180666733,2.6342782974243164
14.033355250265362,9.50252592398451,7.7678878710132,21.101826985135492,2.665409803390503
14.136152943902761,9.589877538110324,7.798513942288262,21.000186263730104,2.7151384353637695
14.027413378144468,9.503712637217285,7.779937356273523,20.99297413876869,2.7292120456695557
13.938885813217345,9.602454774954232,7.784903695266004,20.734404364749327,2.7462315559387207
14.023241222142367,9.600532408702694,7.773246168302915,20.919539933523456,2.809093475341797
13.93356417725518,9.461525296815608,7.783698085758212,20.822084128776122,2.8423728942871094
13.831303144268594,9.502135815372942,7.773222477769966,20.753474075763695,2.8736624717712402
13.831869488782203,9.503697455263913,7.764565700633839,20.76461813926801,2.906384229660034
13.837338712715498,9.459674079594349,7.765823562896892,20.650661105945733,2.9369072914123535
13.940503246310733,9.462209788289963,7.764565700633839,20.824456406653535,2.983940362930298
13.933837773533888,9.429349842203422,7.783645833002951,20.820388791406476,3.0173215866088867
13.936846533301322,9.429099615679078,7.58595819332203,20.82602767276993,3.0303661823272705
13.929907963701398,9.461525296815608,7.765587708030587,20.781910261736062,3.0491983890533447
13.935318928455526,9.515762570904883,7.784700331058977,20.81209274489939,3.0806329250335693
13.828993113797967,9.448374689183003,7.764740893623713,20.690688661853887,3.1132307052612305
13.852352079186854,9.440804004959483,7.783645833002951,20.734370203456717,3.145035982131958
13.915710712908885,9.342061867222537,7.675714560196736,20.769184249045644,3.208111524581909
13.839965315849517,9.342067552580081,7.684700331058977,20.625695423050733,3.24200177192688
13.835318928455528,9.589877538110324,7.783853516652102,20.835212274102688,3.2888247966766357
13.937727539658015,9.589877538110324,7.780902936341715,20.84960909448276,3.2989325523376465
14.017336411238341,9.440804004959483,7.684700331058977,20.851132398159066,3.321229934692383
13.935972788457667,9.440804004959483,7.6804883079751765,20.71651311798033,3.3526413440704346
13.829377947788581,9.587955171858788,7.7643298457675325,20.70142223023896,3.3886399269104004
13.82861835232871,9.565923392655566,7.864533209974561,20.777083888450964,3.4206154346466064
13.935318928455528,9.489468371815612,7.7643298457675325,20.841763788676552,3.4493720531463623
13.829083570549376,9.43463264553975,7.67251064708559,20.71876048131877,3.47930908203125
13.927853076091456,9.434703794570028,7.765823562896892,20.862419142193446,3.513113021850586
13.82000601234212,9.461023075057188,7.686445240543904,20.65376602968242,3.5609591007232666
13.835409385206933,9.548374689183003,7.765620198689865,20.73474667438869,3.593759775161743
13.936233660378154,9.4489480599717,7.764565700633839,20.732905813763832,3.624852418899536
13.842266874231761,9.448374689183003,7.77219167024689,20.636402610576358,3.657360315322876
13.830268324065976,9.45392074609792,7.779904865614245,20.792367417111368,3.6877338886260986
13.9201620535501,9.500603557732973,7.7643298457675325,20.765656361651548,3.720400810241699
13.941555414321124,9.41572308667148,7.665823562896892,20.765680810153953,3.7513694763183594
13.824646551694217,9.587889099861908,7.774222521364093,20.6806698218453,3.784061908721924
13.823671477835802,9.461023075057188,7.666878060952918,20.831779840995566,3.814877510070801
13.836336841487782,9.441990718192258,7.684700331058977,20.832005486426326,3.8648009300231934
13.828993113797969,9.48162716794495,7.765620198689865,20.7443051458025,3.896299123764038
13.928112107441278,9.528155619085297,7.764565700633839,20.836540259560618,3.9300005435943604
13.92393325746852,9.528155619085297,7.779370101575239,20.753950199276126,3.9610447883605957
14.023572897103938,9.56095192602691,7.9400031523687025,20.974077391244133,3.9923555850982666
14.130087749244765,9.638658018280747,7.891769818966729,20.89235620104512,4.025005340576172
14.128202564192682,9.72468569814663,7.840475965619982,21.11576001372404,4.0581443309783936
14.21379846371293,9.72468569814663,7.852875683011472,21.164728608645202,4.0879034996032715
14.234367928232285,9.726167180836882,7.984575945525416,21.2303995287342,4.134639739990234
14.311984381252143,9.738810489677668,7.986367051766624,21.29576364807457,4.167797565460205
14.524294943813908,10.016779160410064,8.07952751919956,21.476873566078556,4.201312065124512
14.511984381252143,9.983364609684223,8.17079658896224,21.751663020958922,4.234492301940918
14.622158625632988,10.060115754100725,8.060423507629675,21.798780690521905,4.264332056045532
14.726826246110456,10.005441480699899,8.26975409339208,21.930393016509512,4.297483921051025
14.828757963666343,10.158634271410472,8.270149339727356,22.292909310820253,4.327603816986084
14.914363985415006,10.275468684909075,8.383706160574123,22.34515037135128,4.363085031509399
15.112655057832047,10.225403665486018,8.369633024410776,22.43367359920019,4.391912937164307
15.355021597693531,10.274449123000577,8.582188937601998,22.837761521491966,4.439448118209839
15.420160746710692,10.476208745903248,8.583153698942834,22.97885985200428,4.470600605010986
15.552076703537463,10.617976340541446,8.694886171007955,23.12628222245508,4.506216287612915
15.633270703522566,10.495136699686254,8.61425471430892,23.19901988474577,4.539249658584595
15.747895735684388,10.616191195317066,8.711883279963093,23.29444227822518,4.569055080413818
15.832750576682589,10.711492483740997,8.893258405642655,23.57578451343305,4.599891901016235
15.856745116349806,10.775587532837493,8.86876315417374,23.503993427938525,4.633809328079224
15.923929776784913,10.916714063537096,8.979136235506305,23.605632961018944,4.665748834609985
16.050655482267018,10.917653030868037,9.053539677035205,23.79718120647405,4.711469411849976
16.041922782331195,11.016714063537096,9.053539677035205,23.880032022572426,4.724260091781616
16.07137785422439,11.014010857822964,9.06049067989083,24.01338639357716,4.748245716094971
16.241224845040712,11.03475780642694,9.078614042276204,24.058027557265977,4.807254076004028
16.22072459334327,11.163898259450368,9.16049067989083,24.280163723260664,4.840174198150635
16.464247397052173,11.284338313559802,9.159338208997468,24.4797207457231,4.8721535205841064
16.440893170079143,11.197532283914695,9.145321330174376,24.539758799223282,4.904136896133423
16.440764350090465,11.141877100193186,9.258497031842493,24.757808372125634,4.937139987945557
16.539267471749685,11.217453136871073,9.273989583496478,24.720980859052144,4.969135046005249
16.460132715987235,11.295194434688414,9.252325201697197,24.715537813500593,5.014651298522949
16.4796074906922,11.29601748007086,9.266187319528793,24.714934545085065,5.026652574539185
16.558552745462684,11.284338313559802,9.381414315971094,24.78690659809943,5.049654960632324
16.467919292699147,11.317405821998486,9.358956563110418,24.752085559941523,5.081657886505127
16.556237591584853,11.483035917791902,9.37683399714007,24.94681256179331,5.112090349197388
16.541857022221325,11.383080451296749,9.358223435563783,24.757150876282125,5.142637252807617
16.674186517488142,11.26924943177932,9.344242482444969,25.085362716438905,5.207494258880615
16.555154312230368,11.582257405914303,9.532031911098088,24.842090039741617,5.24066424369812
16.664569160637612,11.351708094564788,9.457996550668227,24.874425675831894,5.2881879806518555
16.659802235325728,11.493822312955185,9.457996550668227,24.88604190888731,5.300184488296509
16.773377986005563,11.362140207112207,9.457996550668227,25.0911203645738,5.321184873580933
16.72752104617781,11.483080451296749,9.475873984697879,25.121315258886174,5.35518741607666
16.76292178743315,11.583080451296748,9.461072899535342,25.059116044354294,5.386229753494263
16.748455409873195,11.483178131307078,9.474935017366938,24.966001030164687,5.4179346561431885
16.759338624534088,11.483178131307078,9.474935017366938,25.204232093801824,5.447906970977783
16.742660770127273,11.495451376269196,9.475407830618218,24.956250202968672,5.481001853942871
16.83255238389916,11.456206448247062,9.474935017366938,25.048511387717777,5.513540506362915
16.73255238389916,11.512808335041402,9.474935017366938,25.004269042204076,5.5595221519470215
16.86547993169581,11.580742602070467,9.472910735767073,25.168570349391235,5.592144966125488
16.75216634475297,11.519642361593853,9.472910735767073,25.106143659687298,5.62472128868103
16.850328593472145,11.54691827746777,9.564018814445351,25.04485838072619,5.657527208328247
16.756337441112635,11.471871004602797,9.550442745588121,25.083760083615612,5.690074682235718
16.75153732632102,11.41589101815465,9.464018814445351,24.872995259085457,5.72078275680542
16.84874561491858,11.540293385172914,9.46201186686628,25.165065259228587,5.7538158893585205
16.828840465791437,11.59961436468651,9.556896107635318,25.199189478175697,5.783994436264038
16.87033853349134,11.604167318138748,9.4683305832453,25.155391705875694,5.818762302398682
16.867495063836866,11.73305694483582,9.561055565514547,25.341742555933074,5.865577220916748
16.960150609528508,11.682212872409458,9.665957531359542,25.375225795636045,5.89812159538269
16.955051576896953,11.619280426248425,9.551209897419394,25.26423956110721,5.929122447967529
16.980645390242096,11.722311807957448,9.556788058026976,25.36078195315128,5.959379196166992
17.0582583768815,11.738469590705051,9.574665492056628,25.46161227867576,5.992611646652222
16.846578704243086,11.704167318138747,9.655775632833372,25.25565153972766,6.022903203964233
16.86107225115079,11.62303908075479,9.572495704409315,25.23879515165969,6.056877136230469
16.976180205431028,11.605779801992911,9.572769300688023,25.367858318101323,6.087347030639648
17.066301166482436,11.683825356263622,9.67419599114273,25.36741495372719,6.134923934936523
17.07553463666551,11.70572943685517,9.77137522960737,25.43096422168361,6.168542146682739
17.210001548710796,11.70572943685517,9.672495704409314,25.70076906096639,6.2009665966033936
17.17025742793125,11.705412035014588,9.707511574858056,25.662308174744584,6.234183311462402
17.255403691709812,11.773724484787047,9.676399392287008,25.598936912663415,6.267186403274536
17.26551996517708,11.70572943685517,9.78831369630608,25.717163250202763,6.2966907024383545
17.276193333447424,11.708256919144455,9.676604208970819,25.715376674018252,6.330276727676392
17.26449677041991,11.80476436507445,9.6772923630799,25.707080297958072,6.358916521072388
17.17327411260702,11.794056412900295,9.676211281656403,25.460375742003126,6.394277811050415
17.183956533291504,11.846797947200418,9.760261638369224,25.662130532919893,6.441569089889526
17.191584930204872,11.84732016186506,9.79141687031079,25.602282158566855,6.474336862564087
17.14681027306835,11.70572943685517,9.771246032291181,25.71571306805074,6.504874229431152
17.14681027306835,11.70572943685517,9.766495768307312,25.62331824708317,6.537736654281616
17.16715939368124,11.7010846350255,9.672366507093125,25.662259270914813,6.571959018707275
17.064800019677595,11.683819524630728,9.67030984984969,25.73544273479472,6.6034767627716064
17.166211558208285,11.7010846350255,9.689943030903517,25.70233146709214,6.632482528686523
17.148262069484307,11.783774991125881,9.78831369630608,25.611208039320374,6.6657586097717285
17.164067098424525,11.705737811656242,9.676604208970819,25.588396412190544,6.714600563049316
17.165666242263182,11.8010846350255,9.78831369630608,25.55355814917596,6.744718790054321
17.265666242263183,11.72303908075479,9.787883588770633,25.679316002304056,6.757717847824097
17.267322270388032,11.723924291811613,9.690510411244977,25.787816749957955,6.807904005050659
17.278529551137588,11.811641468303826,9.788822556101573,25.912718768562154,6.840996265411377
17.165131694639165,11.800357362228159,9.706340868283029,25.600889162342863,6.872685194015503
17.15589294555795,11.783783365926952,9.689943030903517,25.508780433252486,6.906956195831299
17.256210667203856,11.877562883230102,9.683455811171473,25.628306403836707,6.9350128173828125
17.285834814510636,11.722997090418119,9.689943030903517,25.650757286276654,6.96934175491333
17.174196488721314,11.773883153181153,9.687892336650817,25.700336499799633,7.017617464065552
17.16975194561569,11.755896601621934,9.701434609838202,25.71823757736459,7.031615257263184
17.259720552352714,11.721159946805432,9.78831369630608,25.651093116577524,7.049398183822632
17.154711140705544,11.683825356263622,9.591900411357235,25.67594829228328,7.081211805343628
17.169935031413235,11.65004915161318,9.602191171025709,25.50270159081162,7.112623691558838
17.179568946197456,11.682212872409458,9.57972646082769,25.669198101878386,7.144542694091797
17.151394046465835,11.634762780770693,9.602940058838174,25.43519513079594,7.207530975341797
17.181694642273346,11.702697047799758,9.678394842400408,25.564981677475632,7.241372585296631
17.040228124840844,11.719689676466443,9.69169075904694,25.591744709744777,7.288876295089722
17.06063661968522,11.748629668301255,9.607694153904164,25.470914651078274,7.299878835678101
17.147763288599993,11.837125140407453,9.673548388711733,25.5496648540104,7.320903062820435
17.16881687554676,11.854731363162362,9.586668633992346,25.255815424457648,7.351775169372559
17.076012010035477,11.897207409633388,9.684799336170698,25.357940145826397,7.384530782699585
17.202450763281583,11.808035504249053,9.6735112084907,25.45896526029515,7.4170613288879395
16.9796486177981,11.864259047938596,9.674431802525952,25.34694194791186,7.447163105010986
17.076883540448843,11.821581146238389,9.58426613623192,25.44628403848287,7.4821672439575195
17.200924430091685,11.79108231645825,9.58159989073366,25.46601081314186,7.511589765548706
16.98218363598751,11.80772975239743,9.568579857429416,25.493390777593856,7.545736312866211
16.96005047326953,11.89389465329047,9.668481189519163,25.53865503458189,7.592502593994141
16.951373064248898,11.867606512281789,9.666903420218688,25.492216982096934,7.625533819198608
16.850335456460027,11.741894393906092,9.581358866248898,25.511191942267416,7.65685248374939
16.970968746365045,11.80772975239743,9.568579857429416,25.61969631187657,7.686830997467041
16.87198501670615,11.90739575038896,9.568772718040336,25.505070056937157,7.719660997390747
16.982202897953115,11.807623800712381,9.568772718040336,25.61813665182992,7.7547125816345215
16.94816189427474,11.867838892207608,9.666903420218688,25.537493690916275,7.784374713897705
16.967596442294944,11.871650164457552,9.690156319770175,25.611173896781374,7.81727409362793
16.8719562582346,11.811552092682227,9.669279269070568,25.512082012055423,7.863667249679565
16.97313934407947,11.91524398374008,9.787497106158954,25.5760646565156,7.8974997997283936
16.867584508579082,11.901576529226778,9.690156319770175,25.475836626494598,7.928858041763306
16.96921020690854,11.900252697675104,9.694396422952138,25.655801936018257,7.965032339096069
16.966316744625864,11.901426694664028,9.789948636121025,25.68763550316166,7.99254846572876
16.975254175183146,11.827939141529725,9.687969919410232,25.495396811271217,8.025746583938599
16.974790916278636,11.815411628333738,9.677162444879531,25.561743981138008,8.05652904510498
17.073364862971275,11.813500893446127,9.690156319770175,25.556726301571217,8.089629650115967
16.856251281224377,11.815411628333738,9.605544031312814,25.37110524039613,8.136884450912476
16.967897498187813,11.902976892853184,9.668939179732206,25.437598220054255,8.16702675819397
16.973220199537884,11.901576529226778,9.678216942935556,25.561825599924408,8.200932264328003
16.86632981768042,11.817067778207946,9.76706988191056,25.541934496415145,8.231509923934937
16.960712784153195,11.817067778207946,9.666903420218688,25.434537413761284,8.267369747161865
16.863059863460236,11.803250489131894,9.687969919410232,25.550663082431864,8.296746492385864
16.976115240425717,11.685481855745461,9.58059075062708,25.523927197158837,8.327335596084595
16.942549669583187,11.813245107198325,9.678216942935556,25.44615291735503,8.360414028167725
16.77647012552559,11.906789779797606,9.687983433125908,25.38929496409276,8.394627094268799
16.696166750056783,11.830048466883623,9.601857963996572,25.349385403232354,8.442783832550049
16.838285988212778,11.811344133815892,9.708135038151244,25.494594933871547,8.472777128219604
16.66243076751701,11.917059093865111,9.64982455736788,25.403176487142957,8.507648944854736
16.708388437720576,11.89398836258202,9.56807750765088,25.349662108314558,8.536195516586304
16.782774486951073,11.939755283484224,9.629495452917926,25.42155386374118,8.571204423904419
16.757380874569407,11.582080199608136,9.47701675243693,25.48845205688816,8.599714994430542
17.01120940962195,11.548383487504866,9.431061855054406,25.79751053433744,8.633724212646484
16.9802017759603,11.455846293835485,9.308581926018462,25.764066870792522,8.666714906692505
17.1040891118784,11.538183201799177,9.324342956933226,25.786731723329495,8.71128225326538
17.21545861807359,11.51990372949064,9.378116047812465,26.022952750258735,8.742805004119873
17.272626410382944,11.581953664671971,9.497652496018194,26.247796370000025,8.755801439285278
17.001061876428448,11.399037863252406,9.324342956933226,25.996823581099886,8.807229280471802
16.970648020832183,11.300429162586237,9.292266191739618,25.567011815739523,8.83950424194336
16.911431964666264,11.439076114659066,9.383191613294498,25.580052528327865,8.873786211013794
16.716739041033,11.698414119859779,9.59293839863205,25.381515163013525,8.906347274780273
16.584107659379875,11.594160799955311,9.49035308720247,25.354087888514734,8.93631386756897
16.33428137494547,11.610856419457864,9.541148586395998,25.20860310471985,8.968282222747803
16.56768660485011,11.684084680779225,9.60914855103789,25.50194668994354,9.015071868896484
16.660772525193202,11.823074955228023,9.672126058104759,25.62156244380634,9.025731086730957
16.541597648358785,11.655240545079767,9.546333789394527,25.68828754737877,9.047797679901123
16.57915755141143,11.677558700451554,9.533869370485881,25.612835426870088,9.080073356628418
16.561922776946634,11.482393514946828,9.557061654305688,25.453334836356532,9.111735582351685
16.40562222519938,11.432720077970712,9.443130581643366,25.224952990212874,9.143797397613525
16.567362690626425,11.449905110946432,9.36457672737133,25.238110588110356,9.208036184310913
16.413144006446,11.329839942857369,9.44766668336209,25.167958057806693,9.240925788879395
16.406173176901035,11.39063544066575,9.447290039522596,25.178178969863286,9.287145853042603
16.445104883577415,11.432934426820413,9.445402136197888,25.14421119719694,9.298635959625244
16.320653580588047,11.391320723126421,9.348883327575818,24.874115979183152,9.321964263916016
16.291723071033005,11.434515879420378,9.44803807378989,24.927718160807007,9.35287857055664
16.38921204960114,11.445359319838769,9.443932079606611,25.111316885893817,9.384958267211914
16.380098603276856,11.496283317520021,9.443658483327901,25.087468426009522,9.416172504425049
16.366609326002227,11.589178295411855,9.441177681539752,25.097742118107323,9.449664831161499
16.44362561629795,11.680661138319358,9.63673316660912,25.2482524580456,9.47927737236023
16.53222740907999,11.57659996410768,9.537418363351476,25.313067372853403,9.512943029403687
16.513181448582856,11.588128989456486,9.636612986892398,25.58964833987721,9.54514479637146
16.615263878475723,11.630523647716648,9.544362564470386,25.581492058791817,9.591346502304077
16.60654943482982,11.69391357088089,9.643238650181031,25.592786875118254,9.623705863952637
16.40953006175913,11.658606704223416,9.434638012679974,25.404920393529505,9.656716108322144
16.50654943482982,11.629462361034111,9.534638012679974,25.388953933172242,9.690021276473999
16.518316994113047,11.580527458937343,9.547758468424842,25.501388944637604,9.721205472946167
16.418358984449718,11.62799209069512,9.539066488185583,25.202587950221993,9.753121852874756
16.5162680685936,11.680752986696794,9.543806694194764,25.31750605770835,9.784752368927002
16.6495962509861,11.727169045312674,9.543806694194764,25.54108921964311,9.817514657974243
16.526156251491834,11.585635781382184,9.537300304715991,25.580879117973424,9.862815618515015
16.545999725675436,11.627169045312673,9.445113926079618,25.341200352930223,9.897963285446167
16.526187741593617,11.627169045312673,9.553751651399628,25.226580621453177,9.927423000335693
16.523664241908175,11.630327592636892,9.547966152073993,25.010186736803625,9.960006475448608
16.42331693899766,11.59444316504377,9.43275957907247,25.14340687485681,9.991091012954712
16.45685931496851,11.496266959511633,9.432835943127657,25.14279774761923,10.027137756347656
16.513696869388514,11.697760327675807,9.546490377310104,25.220818078967824,10.056710243225098
16.42138085029586,11.72955463748737,9.547527881001193,25.009380730563638,10.088752508163452
16.52125563070569,11.73928599326294,9.632235332164091,25.157973432312634,10.13655972480774
16.6225877837127,11.742497512583805,9.546490377310104,25.301642104976928,10.166762828826904
16.528959143147198,11.682658141810796,9.546305133644841,25.263906739871768,10.198966264724731
16.523261226210728,11.52826568697383,9.546305133644841,25.179946740078616,10.234069347381592
16.521806582407343,11.767180181363909,9.546490377310104,25.12460181853581,10.266555786132812
16.52131667279785,11.685434776356649,9.534496961556806,25.184727400580854,10.297123193740845
16.447922251821883,11.632124431251238,9.453321533331595,25.127630480840416,10.329366445541382
16.421297621042356,11.615898076838116,9.448151395739254,25.091501265365917,10.36072826385498
16.327220094491157,11.62799209069512,9.532443015813243,25.05463712683505,10.395146369934082
16.32930497915519,11.60094874917149,9.539689728427176,25.093774178989694,10.441367149353027
16.526156251491837,11.685285735950849,9.553751651399628,25.258737097377825,10.473425388336182
16.52730042919081,11.681263980478274,9.63709262106684,25.3877882151512,10.50313949584961
16.522298099087802,11.62799209069512,9.43275957907247,25.34486446298172,10.537824392318726
16.52325483134505,11.631850834972528,9.534104034242393,25.30517845624144,10.569427013397217
16.529652282065705,11.61975350627879,9.441558430505477,25.365399008044324,10.599353551864624
16.52672077493593,11.629462361034111,9.525936626334472,25.333128898199686,10.631363153457642
16.523148838263616,11.685374594462402,9.547966152073993,25.526930505563715,10.665222644805908
16.41369686938851,11.62589547627229,9.541350746856326,25.31802811416949,10.711753368377686
16.534646973640662,11.633450377682104,9.557911109278857,25.2022562610541,10.743430614471436
16.530868434794456,11.642521155011178,9.557911109278857,25.208570494925837,10.755429983139038
16.224297299727162,11.599325959729157,9.453169978358666,25.13522698428488,10.807833909988403
16.292211919133383,11.576531965363072,9.454821959204144,25.20999590291597,10.838181257247925
16.23610047588803,11.437290434547766,9.438580237209683,25.046300120270313,10.87261438369751
16.160196940746538,11.540735304255046,9.354378470999917,24.97482443815503,10.905776739120483
16.165343932887694,11.529106995593157,9.338580237209683,24.76233896154166,10.937236309051514
16.087606615512446,11.383354514071028,9.255317438330856,24.933226496084266,10.97043251991272
16.033712790997043,11.419954511304324,9.256248026376214,24.92991154411321,11.0160813331604
16.032756870352483,11.432947476633684,9.255685702884772,24.987791201057867,11.030077934265137
16.02652293143486,11.348623485329355,9.255451810598895,24.630894490993665,11.049181938171387
16.030011182713288,11.386305890258354,9.353751651399628,24.77165367650563,11.082038402557373
15.920727606405416,11.25425508424108,9.147828116333521,24.551350401110813,11.113150835037231
15.827197578671859,11.299378966844902,9.148651161715966,24.521525534987614,11.144207239151001
15.914123309662527,11.34390860746285,9.229313643499774,24.613212200293322,11.207125425338745
16.037418713772517,11.332947476633686,9.142865662390331,24.68341053231189,11.239613771438599
15.917999994230112,11.42067449624315,9.243034622580678,24.683544861078545,11.286898851394653
15.916101994032228,11.345520966594231,9.1387419068816,24.713978382748405,11.321274280548096
16.015745953017007,11.349711002741536,9.149246610199985,24.786363069542688,11.333589553833008
16.11716424594834,11.391424951121607,9.243034622580678,24.653396834898466,11.352517366409302
15.93861276189165,11.390978302436874,9.243034622580678,24.525861729084216,11.384170770645142
15.940919401064386,11.267097908408186,9.342935954670422,24.526920204580534,11.419075727462769
16.13714549383525,11.40185002605428,9.34539675352412,24.73992381230412,11.44806694984436
16.146457914878127,11.457451515490305,9.250457875377567,24.604664660787176,11.48245644569397
16.0377326821764,11.507945306878531,9.245664381624723,24.710280286093806,11.511101007461548
16.048641468982723,11.562483528637962,9.254993977096293,24.56255508178183,11.546103477478027
16.234375637164867,11.546877986772554,9.449051975582455,24.74920923987386,11.59468388557434
16.24174858039179,11.462528062142807,9.354895309186036,24.71707707252648,11.624831676483154
16.14163729190252,11.52135697514403,9.445189069874969,24.73455800650121,11.657501459121704
16.159105091183623,11.56027673819289,9.36960737515672,24.723041150959624,11.68862509727478
16.12979521715096,11.627991578150459,9.461361076977386,24.738604849455264,11.720056056976318
16.24177132159371,11.417124024698882,9.36098443313789,24.65418853238086,11.753669023513794
16.21992510476295,11.643571882878502,9.352265550141992,24.9371788836976,11.78428030014038
16.22265082353082,11.485217761993066,9.361361076977385,24.917276181726628,11.816474199295044
16.2231500747547,11.643571882878502,9.458395295781267,25.060990527615704,11.86422061920166
16.132413445102742,11.613855637656101,9.451538277344651,25.033014385155802,11.896909952163696
16.247853910275765,11.65043108582152,9.460984433137888,25.008664994352902,11.926369190216064
16.229377529778443,11.632217170495323,9.458771939620762,25.048360319926232,11.961218357086182
16.215900680700255,11.57567635117276,9.455558365061226,24.810598299265646,11.99289345741272
16.331135100937278,11.53418868419881,9.45686559694608,24.79535275211244,12.025318145751953
16.233934652777197,11.649105139390656,9.439821048021141,24.723465390646027,12.057910680770874
16.14403253393505,11.733955293280992,9.444048991447259,24.779822466707678,12.08691668510437
16.14536003591366,11.679925944541854,9.54763899167186,24.68399766693905,12.123778581619263
16.11573131152243,11.645349397215865,9.359454734302705,24.45954532556653,12.169771432876587
16.127423671639487,11.726626608869376,9.442437909316357,24.76806901186944,12.201746702194214
16.133702967414997,11.656983551144002,9.45686559694608,24.83353107316624,12.233203172683716
16.13257429179425,11.649430296951131,9.44102961199574,24.623182145680445,12.26419448852539
16.13493558672229,11.748916281977682,9.450595911118036,24.565485835427914,12.296429634094238
16.120271558641903,11.742908033342303,9.345533062030757,24.59375000215549,12.330520629882812
16.01260935733429,11.598354916436922,9.446520884448667,24.56931669649415,12.359730243682861
16.16414088949083,11.635868794122882,9.441350746856326,24.770890286697362,12.39180612564087
16.133602977815627,11.748607251568686,9.539722380110884,24.43674348596772,12.44003963470459
16.228924586247675,11.735270040283696,9.4507811547833,24.570544816235056,12.472022294998169
16.130138351938633,11.694886933238543,9.442559310830925,24.66679278144855,12.503642797470093
16.124384339128202,11.647136981229693,9.342657978741181,24.67500449736514,12.538941144943237
16.131003100594526,11.55838303701244,9.357688642328528,24.735698622735242,12.568049669265747
16.247709723589416,11.549619154364102,9.456381410443672,24.86165930195648,12.599099397659302
16.23258212120367,11.633999826785839,9.456734277352115,24.910965164813604,12.632733821868896
16.22955530755647,11.602274695602354,9.442559310830925,24.861417294335027,12.66501784324646
16.31992510476295,11.736740310622684,9.456734277352115,24.893401085929316,12.711954355239868
16.3243194868885,11.62043832395759,9.451940783599271,25.058676280528548,12.744879722595215
16.228904267512817,11.588628453908365,9.451695459353742,25.083747250879647,12.756888628005981
16.319939883680334,11.648916281977684,9.439722380110885,25.14254579416384,12.807907581329346
16.261731895831105,11.463506852314552,9.357688642328528,24.942671518347936,12.841277837753296
16.212609357334287,11.60094874917149,9.441696247229629,24.9839037587543,12.870465993881226
16.324807528071506,11.628918138180184,9.426601924366016,24.952259857076932,12.904895305633545
16.444807280930924,11.629462361034111,9.447966152073992,25.02182914369223,12.934712409973145
16.22660963273519,11.633999826785839,9.442437909316357,24.894546675532354,12.970047950744629
16.232202116785775,11.60094874917149,9.4507811547833,24.844610994605365,13.016135931015015
16.230437507398296,11.649105139390656,9.4369190369517,24.89897633521494,13.028073072433472
16.414996024949623,11.634144150693967,9.449273383958847,25.101905981193433,13.048877477645874
16.42129762104236,11.629462361034111,9.447966152073992,24.933973374180233,13.081021070480347
16.34402959871573,11.618838781248014,9.342830836630771,25.10931700530132,13.111659288406372
16.448232523512285,11.720309051587007,9.457557322734562,24.99494451393503,13.143406391143799
16.427419253915303,11.648651785073529,9.548135112264337,25.038951417299913,13.208074569702148
16.224516608871387,11.58351410073626,9.461025054825312,25.035398733650936,13.241136312484741
16.33303091659165,11.62043832395759,9.449273383958847,24.96294919980285,13.286867618560791
16.24937434741854,11.634144150693967,9.342865662390333,24.855105524189874,13.323512315750122
16.235150031064833,11.634144150693967,9.342865662390333,24.852246888691152,13.335377216339111
16.327419253915302,11.735354779149432,9.552928606017183,24.928306285881778,13.352373361587524
16.358353215808005,11.53427342306455,9.44145976259522,24.82920040571002,13.38724422454834
16.326255575590302,11.649105139390656,9.449273383958847,24.826368765334212,13.415554523468018
16.233685253278292,11.633450377682104,9.439821048021141,24.76934445997426,13.449018478393555
16.322298099087803,11.599209693569362,9.446520884448667,24.97264510616413,13.481098175048828
16.256085345252252,11.647366083788528,9.439897412076325,24.7995929137633,13.512835502624512
16.22728566119989,11.648796108981657,9.34966631127326,24.701603169139776,13.545944929122925
16.223706232244844,11.534417746972675,9.453751651399628,24.694393069147623,13.592629194259644
16.327235936319802,11.733530984681568,9.44834279591349,24.89029430334825,13.62386441230774
16.330748944328327,11.510653980052428,9.453751651399628,24.87549492172948,13.654863834381104
16.434080426361945,11.631850834972528,9.448359079388405,24.944971328677983,13.687771081924438
16.35183451664807,11.532947476633685,9.335238623643537,24.998064807949383,13.720879554748535
16.324264998844182,11.532947476633685,9.446305133644842,24.87218336804517,13.754018783569336
16.323770938995548,11.65755063596583,9.446436453238807,24.92645128979878,13.784081935882568
16.43108934467469,11.529506894538954,9.34800529284411,25.0163760927201,13.817933082580566
16.52180658240734,11.447599434921376,9.446305133644842,25.068870299424066,13.86515998840332
16.52715910193198,11.52973595731282,9.446490377310104,25.19449990040658,13.899222373962402
16.427372311537745,11.532874885380508,9.446490377310104,24.91145462987992,13.929584741592407
16.523219987293896,11.629462361034111,9.448151395739254,25.10990551897701,13.961583852767944
16.42925256095627,11.532947476633685,9.34966631127326,25.081948632305444,13.993601083755493
16.560902520657066,11.52973595731282,9.44169700951975,25.10686347489972,14.026127338409424
16.42422046533934,11.705707026184996,9.44834279591349,25.009825415827237,14.056151390075684
16.42975897915308,11.535279139658252,9.34120464396118,25.213887489237923,14.089310646057129
16.423219987293898,11.510653980052428,9.35414457871404,25.03031245610015,14.119519710540771
16.43220005044708,11.547325838642667,9.34800529284411,24.955763535209694,14.167965173721313
16.431162638656026,11.649105139390656,9.449273383958847,25.031889354394316,14.198613405227661
16.358557459715005,11.649105139390656,9.35462876521645,24.97912169155023,14.234251976013184
16.364315181089474,11.703967970582868,9.525936626334472,24.931201787565048,14.26418161392212
16.43516467255941,11.649105139390656,9.327606776373397,24.923675101307158,14.295656204223633
16.327673614040897,11.733321105311518,9.556250090849707,25.08372290514626,14.327473163604736
16.327256255054657,11.634144150693967,9.542387973018108,24.94569472310958,14.361495733261108
16.227587930016224,11.634144150693967,9.548135112264337,24.673005097426504,14.393687009811401
16.351663120978635,11.644790828305242,9.439814000482281,24.851087430938815,14.438924789428711
16.42964373852673,11.63509028224528,9.550633551714416,25.04321401370514,14.472652912139893
16.430475130966617,11.648796108981657,9.457557322734562,25.129712272703873,14.505277156829834
16.41680315057481,11.648796108981657,9.444056869955556,25.178094942999977,14.534894466400146
16.33156610477827,11.634144150693967,9.46624001614071,24.886268530922564,14.568894386291504
16.433798347893216,11.634144150693967,9.450841235363567,25.077263899733893,14.598963737487793
16.52899870043936,11.634144150693967,9.34002873167029,25.080668981066413,14.631605625152588
16.41680315057481,11.634144150693967,9.456643018164119,25.22690009852789,14.663050174713135
16.41872551682635,11.62868384915651,9.454174745733354,25.030689774081353,14.697335720062256
16.441438092325207,11.634144150693967,9.451771823408926,25.05318194156258,14.743473768234253
16.44690415972191,11.634144150693967,9.451771823408926,24.99406826882219,14.752428770065308
